match_type,date,time,location,opp_team,home_away,opp_score,barca_score,barca_result,stadium,attendance,referee
1,2008-08-31,19:00,Soria,Numancia,A,1,0,L,Los Pajaritos,9500,David Fernández Borbalán
2,2008-09-13,20:00,Barcelona,Racing Santander,H,1,1,D,Camp Nou,54678,Rafael Ramírez Domínguez
3,2008-09-21,21:00,Gijón,Sporting Gijón,A,1,6,W,El Molinón,23481,Carlos Megía Dávila
4,2008-09-24,20:00,Barcelona,Real Betis,H,2,3,W,Camp Nou,55727,Arturo Daudén Ibáñez
5,2008-09-27,22:00,Barcelona,Espanyol,A,1,2,W,Estadi Olímpic Lluís Companys,31660,Luís Medina Cantalejo
6,2008-10-04,22:00,Barcelona,Atlético Madrid,H,1,6,W,Camp Nou,75232,Eduardo Iturralde González
7,2008-10-19,19:00,Bilbao,Athletic Bilbao,A,0,1,W,Estadio San Mamés,40000,Alberto Undiano Mallenco
8,2008-10-25,22:00,Barcelona,Almería,H,0,5,W,Camp Nou,63566,Alfonso Pérez Burrull
9,2008-11-01,20:00,Málaga,Málaga,A,1,4,W,Estadio La Rosaleda,22800,Carlos Velasco Carballo
10,2008-11-08,22:00,Barcelona,Real Valladolid,H,0,6,W,Camp Nou,58276,Fernando Teixeira Vitienes
11,2008-11-16,21:00,Huelva,Recreativo Huelva,A,0,2,W,Nuevo Colombino,19860,Miguel Angel Pérez Lasa
12,2008-11-23,19:00,Barcelona,Getafe,H,1,1,D,Camp Nou,65249,Bernardino González Vázquez
13,2008-11-29,22:00,Seville,Sevilla,A,0,3,W,Estadio Ramón Sánchez Pizjuán,45500,Alberto Undiano Mallenco
14,2008-12-06,22:00,Barcelona,Valencia,H,0,4,W,Camp Nou,82889,David Fernández Borbalán
15,2008-12-13,22:00,Barcelona,Real Madrid,H,0,2,W,Camp Nou,96059,Luís Medina Cantalejo
16,2008-12-21,19:00,Villarreal,Villarreal,A,1,2,W,Estadio El Madrigal,23000,Carlos Clos Gómez
17,2009-01-03,20:00,Barcelona,Mallorca,H,1,3,W,Camp Nou,60399,Carlos Velasco Carballo
18,2009-01-11,21:00,Pamplona,Osasuna,A,2,3,W,Estadio El Sadar,19800,Fernando Teixeira Vitienes
19,2009-01-17,20:00,Barcelona,Deportivo La Coruña,H,0,5,W,Camp Nou,65145,Julián Rodríguez Santiago
20,2009-01-24,22:00,Barcelona,Numancia,H,1,4,W,Camp Nou,47330,Miguel Angel Pérez Lasa
21,2009-02-01,17:00,Santander,Racing Santander,A,1,2,W,Campos de Sport de El Sardinero,22251,David Fernández Borbalán
22,2009-02-08,19:00,Barcelona,Sporting Gijón,H,1,3,W,Camp Nou,69341,Antonio Rubinos Pérez
23,2009-02-14,20:00,Seville,Real Betis,A,2,2,D,Manuel Ruiz de Lopera,55500,Eduardo Iturralde González
24,2009-02-21,20:00,Barcelona,Espanyol,H,2,1,L,Camp Nou,76942,Carlos Delgardo Ferreiro
25,2009-03-01,19:00,Madrid,Atlético Madrid,A,4,3,L,Estadio Vicente Calderón,55000,Bernardino González Vázquez
26,2009-03-07,20:00,Barcelona,Athletic Bilbao,H,0,2,W,Camp Nou,75074,Alberto Undiano Mallenco
27,2009-03-15,21:00,Almería,Almería,A,0,2,W,Estadio de los Juegos Mediterráneos,9333,Manuel Mejuto González
28,2009-03-22,19:00,Barcelona,Málaga,H,0,6,W,Camp Nou,75178,César Muñiz Fernández
29,2009-04-04,20:00,Valladolid,Real Valladolid,A,0,1,W,Estadio José Zorrilla,26512,Miguel Angel Pérez Lasa
30,2009-04-11,20:00,Barcelona,Recreativo,H,0,2,W,Camp Nou,56831,Eduardo Iturralde González
31,2009-04-18,20:00,Getafe,Getafe,A,0,1,W,Coliseum Alfonso Pérez,17000,Javier Turienzo Alvárez
32,2009-04-22,22:00,Barcelona,Sevilla,H,0,4,W,Camp Nou,98722,Manuel Mejuto González
33,2009-04-25,22:00,Valencia,Valencia,A,2,2,D,Estadio Mestalla,45000,César Muñiz Fernández
34,2009-05-02,22:00,Madrid,Real Madrid,A,2,6,W,Estadio Santiago Bernabéu,80000,Alberto Undiano Mallenco
35,2009-05-10,19:00,Barcelona,Villarreal,H,3,3,D,Camp Nou,92722,Fernando Teixeira Vitienes
36,2009-05-17,19:55,Palma,Mallorca,A,2,1,L,Iberostar Estadio,20000,Eduardo Iturralde González
37,2009-05-23,19:55,Barcelona,Osasuna,H,1,0,L,Camp Nou,77331,Antonio Rubinos Pérez
38,2009-05-30,22:00,A Coruña,Deportivo La Coruña,A,1,1,D,Estadio Riazor,34600,Fernando Teixeira Vitienes
First leg,2008-10-28,21:00 CEST,Benidorm,Benidorm,A,0,1,W,Estadio Municipal Guillermo Amor,6000,José Luis Paradas Romero
Second leg,2008-11-12,21:00 CET,Barcelona,Benidorm,H,0,1,W,Camp Nou,23422,Carlos Clos Gómez
First leg,2009-01-06,20:00 CET,Madrid,Atlético Madrid,A,1,3,W,Vicente Calderón,54851,Eduardo Iturralde González
Second leg,2009-01-14,22:00 CET,Barcelona,Atlético Madrid,H,1,2,W,Camp Nou,46482,Manuel Mejuto González
First leg,2009-01-21,22:00 CET,Cornellà de Llobregat,Espanyol,A,0,0,D,Estadi Olímpic Lluís Companys,21600,César Muñiz Fernández
Second leg,2009-01-29,21:30 CET,Barcelona,Espanyol,H,2,3,W,Camp Nou,78443,Megía Dávila
First leg,2009-02-05,21:30 CET,Barcelona,Mallorca,H,0,2,W,Camp Nou,52932,César Muñiz Fernández
Second leg,2009-03-04,21:00 CET,Palma,Mallorca,A,1,1,D,Iberostar Estadio,23142,Antonio Rubinos Pérez
Final,2009-05-13,21:30 CEST,Valencia,Athletic Bilbao,A,1,4,W,Estadio Mestalla,50000,Medina Cantalejo
First leg,2008-08-13,21:45,"Barcelona, Spain",Wisła Kraków,H,0,4,W,Camp Nou,56786,Claudio Circhetta
Second leg,2008-08-26,20:45,"Kraków, Poland",Wisła Kraków,A,1,0,L,Stadion Miejski in Kraków,20700,Ľuboš Micheľ
1,2008-09-16,20:45,"Barcelona, Spain",Sporting CP,H,1,3,W,Camp Nou,58354,Laurent Duhamel
2,2008-10-01,20:45,"Donetsk, Ukraine",Shakhtar Donetsk,A,1,2,W,RSK Olimpiyskyi,25300,Howard Webb
3,2008-10-22,20:45,"Basel, Switzerland",Basel,A,0,5,W,St. Jakob-Park,37500,Eric Braamhaar
4,2008-11-04,20:45,"Barcelona, Spain",Basel,H,1,1,D,Camp Nou,49479,Alexandru Tudor
5,2008-11-26,20:45,"Lisbon, Portugal",Sporting CP,A,2,5,W,Estádio José Alvalade,31765,Matteo Trefoloni
6,2008-12-09,20:45,"Barcelona, Spain",Shakhtar Donetsk,H,3,2,L,Camp Nou,22763,Mike Riley
First leg,2009-02-24,20:45,"Lyon, France",Lyon,A,1,1,D,Stade de Gerland,39258,Wolfgang Stark
Second leg,2009-03-11,20:45,"Barcelona, Spain",Lyon,H,2,5,W,Camp Nou,86368,Tom Henning Øvrebø
First leg,2009-04-08,20:45,"Barcelona, Spain",Bayern Munich,H,0,4,W,Camp Nou,93219,Howard Webb
Second leg,2009-04-14,20:45,"Munich, Germany",Bayern Munich,A,1,1,D,Allianz Arena,66000,Roberto Rosetti
First leg,2009-04-28,20:45,"Barcelona, Spain",Chelsea,H,0,0,D,Camp Nou,95231,Wolfgang Stark
Second leg,2009-05-06,20:45,"London, England",Chelsea,A,1,1,D,Stamford Bridge,37857,Tom Henning Øvrebø
Final,2009-05-27,20:45 CEST,"Rome, Italy",Manchester United,A,0,2,W,Stadio Olimpico,62467,Massimo Busacca
Friendly,2008-07-24,19:45 BST,"Edinburgh, Scotland",Hibernian,A,0,6,W,Murrayfield Stadium,23390,Craig Thomson
Friendly,2008-07-26,16:00 BST,"Dundee, Scotland",Dundee United,A,1,5,W,Tannadice Park,13000,Dougie McDonald
Memorial Artemio Franchi,2008-07-30,20:45 CEST,"Florence, Italy",Fiorentina,A,1,3,W,Stadio Artemio Franchi,40428,Italy
US Tour,2008-08-03,18:00 CDT,"Chicago, USA",Guadalajara,A,2,5,W,Soldier Field,40717,Alex Prus
US Tour,2008-08-06,19:00 EST,"East Rutherford, New Jersey, USA",New York Red Bulls,A,2,6,W,Giants Stadium,38152,Kevin Stott
Joan Gamper Trophy,2008-08-16,22:00 CEST,"Barcelona, (Spain)",Boca Juniors,H,1,2,W,Camp Nou,71210,González Vázquez
First leg,2009-08-16,22:00 CEST,Bilbao,Athletic Bilbao,A,1,2,W,San Mamés,40000,Antonio Rubinos Pérez
Second leg,2009-08-23,22:00 CEST,Barcelona,Athletic Bilbao,H,0,3,W,Camp Nou,61803,Carlos Velasco Carballo
Final,2009-08-28,20:45 CEST,Monaco,Shakhtar Donetsk,A,0,1,W,Stade Louis II,18000,Frank De Bleeckere
Semi-finals,2009-12-16,17:00 CET,"Abu Dhabi, United Arab Emirates",Atlante,A,1,3,W,Sheikh Zayed,40955,Carlos Eugênio Simon
Final,2009-12-19,17:00 CET,"Abu Dhabi, United Arab Emirates",Estudiantes,A,1,2,W,Sheikh Zayed,43050,Benito Archundia
1,2009-08-31,22:00,Barcelona,Sporting Gijón,H,0,3,W,Camp Nou,71993,Rafael Ramírez Domínguez
2,2009-09-12,18:00,Getafe,Getafe,A,0,2,W,Coliseum Alfonso Pérez,17000,Eduardo Iturralde González
3,2009-09-19,22:00,Barcelona,Atlético Madrid,H,2,5,W,Camp Nou,72928,Manuel Mejuto González
4,2009-09-22,22:00,Santander,Racing Santander,A,1,4,W,Campos de Sport de El Sardinero,22251,Antonio Miguel Mateu Lahoz
5,2009-09-26,20:00,Málaga,Málaga,A,0,2,W,Estadio La Rosaleda,22800,Carlos Delgado Ferreiro
6,2009-10-03,20:00,Barcelona,Almería,H,0,1,W,Camp Nou,74177,Carlos Velasco Carballo
7,2009-10-17,22:00,Valencia,Valencia,A,0,0,D,Estadio Mestalla,50000,Alfonso Pérez Burrull
8,2009-10-25,21:00,Barcelona,Zaragoza,H,1,6,W,Camp Nou,75653,José Paradas Romero
9,2009-10-31,20:00,Pamplona,Osasuna,A,1,1,D,Estadio El Sadar,19800,Antonio Rubinos Pérez
10,2009-11-07,20:00,Barcelona,Mallorca,H,2,4,W,Camp Nou,77491,Javier Turienzo Álvarez
11,2009-11-21,22:00,Bilbao,Athletic Bilbao,A,1,1,D,Estadio San Mamés,40000,Fernando Teixeira Vitienes
12,2009-11-29,19:00,Barcelona,Real Madrid,H,0,1,W,Camp Nou,97138,Alberto Undiano Mallenco
13,2009-12-02,22:00,Jerez,Xerez,A,0,2,W,Estadio Municipal de Chapín,17584,Carlos Velasco Carballo
14,2009-12-05,22:00,A Coruña,Deportivo La Coruña,A,1,3,W,Estadio Riazor,34600,David Fernández Borbalán
15,2009-12-12,20:00,Barcelona,Espanyol,H,0,1,W,Camp Nou,84599,Eduardo Iturralde González
16,2010-01-02,20:00,Barcelona,Villarreal,H,1,1,D,Camp Nou,77622,Bernardino González Vázquez
17,2010-01-10,20:00,Tenerife,Tenerife,A,0,5,W,Estadio Heliodoro Rodríguez López,22510,Miguel Pérez Lasa
18,2010-01-16,22:00,Barcelona,Sevilla,H,0,4,W,Camp Nou,63274,Carlos Delgado Ferreiro
19,2010-01-23,20:00,Valladolid,Real Valladolid,A,0,3,W,Estadio José Zorrilla,24213,Rafael Ramírez Domínguez
20,2010-01-30,20:00,Gijón,Sporting Gijón,A,0,1,W,El Molinón,24500,José Luis Paradas
21,2010-02-06,20:00,Barcelona,Getafe,H,1,2,W,Camp Nou,74859,Fernando Teixeira Vitienes
22,2010-02-14,21:00,Madrid,Atlético Madrid,A,2,1,L,Estadio Vicente Calderón,53000,Eduardo Iturralde González
23,2010-02-20,20:00,Barcelona,Racing Santander,H,0,4,W,Camp Nou,75935,David Fernández Borbalán
24,2010-02-27,22:00,Barcelona,Málaga,H,1,2,W,Camp Nou,64837,Antonio Rubinos Pérez
25,2010-03-07,20:00,Almería,Almería,A,2,2,D,Estadio de los Juegos Mediterráneos,10000,Carlos Clos Gómez
26,2010-03-14,19:00,Barcelona,Valencia,H,0,3,W,Camp Nou,87600,César Muñiz Fernández
27,2010-03-21,21:00,Zaragoza,Zaragoza,A,2,4,W,La Romareda,30000,Carlos Delgado Ferreiro
28,2010-03-24,20:00,Barcelona,Osasuna,H,0,2,W,Camp Nou,70645,Carlos Velasco Carballo
29,2010-03-27,20:00,Palma,Mallorca,A,0,1,W,Iberostar Estadio,23000,David Fernández Borbalán
30,2010-04-03,20:00,Barcelona,Athletic Bilbao,H,1,4,W,Camp Nou,77630,Antonio Mateu Lahoz
31,2010-04-10,22:00,Madrid,Real Madrid,A,0,2,W,Estadio Santiago Bernabéu,80000,Manuel Mejuto González
32,2010-04-14,22:00,Barcelona,Deportivo La Coruña,H,0,3,W,Camp Nou,75897,José Paradas Romero
33,2010-04-17,20:00,Cornellà de Llobregat,Espanyol,A,0,0,D,Estadi Cornellà-El Prat,39263,Alberto Undiano Mallenco
34,2010-04-24,18:00,Barcelona,Xerez,H,1,3,W,Camp Nou,82456,César Muñiz Fernández
35,2010-05-01,22:00,Villarreal,Villarreal,A,1,4,W,Estadio El Madrigal,20000,Fernando Teixeira Vitienes
36,2010-05-04,20:00,Barcelona,Tenerife,H,1,4,W,Camp Nou,57401,Carlos Delgado Ferreiro
37,2010-05-08,21:00,Seville,Sevilla,A,2,3,W,Estadio Ramón Sánchez Pizjuán,45000,Alberto Undiano Mallenco
38,2010-05-16,19:00,Barcelona,Real Valladolid,H,0,4,W,Camp Nou,98083,Miguel Pérez Lasa
First leg,2009-10-28,20:00 CET,León,Cultural Leonesa,A,0,2,W,Estadio Reino de León,13451,Bernardino González Vázquez
Second leg,2009-11-10,22:00 CET,Barcelona,Cultural Leonesa,H,0,5,W,Camp Nou,26322,Miguel Ángel Ayza Gámez
First leg,2010-01-05,22:00 CET,Barcelona,Sevilla,H,2,1,L,Camp Nou,48167,Alfonso Pérez Burrull
Second leg,2010-01-13,22:00 CET,Seville,Sevilla,A,0,1,W,Estadio Ramón Sánchez Pizjuán,35000,Carlos Clos Gómez
1,2009-09-16,20:45 CEST,"Milan, Italy",Internazionale,A,0,0,D,San Siro,85700,Wolfgang Stark
2,2009-09-29,20:45 CEST,"Barcelona, Spain",Dynamo Kyiv,H,0,2,W,Camp Nou,68221,Björn Kuipers
3,2009-10-20,20:45 CEST,"Barcelona, Spain",Rubin Kazan,H,2,1,L,Camp Nou,55930,Laurent Duhamel
4,2009-11-04,20:45 CET,"Kazan, Russia",Rubin Kazan,A,0,0,D,Central Stadium,30133,Konrad Plautz
5,2009-11-24,20:45 CET,"Barcelona, Spain",Internazionale,H,0,2,W,Camp Nou,93524,Massimo Busacca
6,2009-12-09,20:45 CET,"Kiev, Ukraine",Dynamo Kyiv,A,1,2,W,Lobanovsky Dynamo Stadium,16900,Howard Webb
First leg,2010-02-23,20:45 CET,"Stuttgart, Germany",Stuttgart,A,1,1,D,Mercedes-Benz Arena,40000,Björn Kuipers
Second leg,2010-03-17,20:45 CET,"Barcelona, Spain",Stuttgart,H,0,4,W,Camp Nou,88543,Alain Hamer
First leg,2010-03-31,20:45 CET,"London, England",Arsenal,A,2,2,D,Emirates Stadium,59572,Massimo Busacca
Second leg,2010-04-06,20:45 CET,"Barcelona, Spain",Arsenal,H,1,4,W,Camp Nou,93330,Wolfgang Stark
First leg,2010-04-20,20:45 CET,"Milan, Italy",Internazionale,A,3,1,L,San Siro,83000,Olegário Benquerença
Second leg,2010-04-28,20:45 CET,"Barcelona, Spain",Internazionale,H,0,1,W,Camp Nou,96214,Frank De Bleeckere
Friendly,2009-12-21,17:15 CET,"Kuwait City, Kuwait",Kazma Sporting Club,A,1,1,D,Al-Sadaqua Walsalam,21500,Abdul Salow
Summer Tour,2010-07-29,19:00 CEST,"Oslo, Norway",Vålerenga,A,2,4,W,Ullevaal Stadion,21993,Terje Hauge
Asian Tour,2010-08-04,12:00 CEST,"Seoul, South Korea",K-League All-Stars,A,2,5,W,Seoul World Cup Stadium,32581,Choi Kwang-Bo
Asian Tour,2010-08-08,13:00 CEST,"Beijing, China",Beijing Guoan,A,0,3,W,Beijing National Stadium,44000,Wang Zhe
Joan Gamper Trophy,2010-08-25,19:45 CEST,"Barcelona, Spain",Milan,H,1,1,D,Camp Nou,96195,David Fernández Borbalán
First leg,2010-08-14,21:30 CEST,Seville,Sevilla,A,3,1,L,Estadio Ramón Sánchez Pizjuán,40000,César Muñiz Fernández
Second leg,2010-08-21,20:30 CEST,Barcelona,Sevilla,H,0,4,W,Camp Nou,67414,Fernando Teixeira Vitienes
1,2010-08-29,19:00,Santander,Racing Santander,A,0,3,W,Campos de Sport de El Sardinero,19095,Carlos Delgado Ferreiro
2,2010-09-11,18:00,Barcelona,Hércules,H,2,0,L,Camp Nou,79363,Carlos Velasco Carballo
3,2010-09-19,19:00,Madrid,Atlético Madrid,A,1,2,W,Estadio Vicente Calderón,53000,David Fernández Borbalán
4,2010-09-22,20:00,Barcelona,Sporting Gijón,H,0,1,W,Camp Nou,66947,José Luis Paradas Romero
5,2010-09-25,22:00,Bilbao,Athletic Bilbao,A,1,3,W,Estadio San Mamés,36000,Antonio Mateu Lahoz
6,2010-03-10,19:00,Barcelona,Mallorca,H,1,1,D,Camp Nou,79085,Alberto Undiano Mallenco
7,2010-10-16,20:00,Barcelona,Valencia,H,1,2,W,Camp Nou,87975,Fernando Teixeira Vitienes
8,2010-10-23,18:00,Zaragoza,Zaragoza,A,0,2,W,La Romareda,26000,Miguel Ángel Pérez Lasa
9,2010-10-30,22:00,Barcelona,Sevilla,H,0,5,W,Camp Nou,81020,Javier Turienzo Álvarez
10,2010-11-07,19:00,Getafe,Getafe,A,1,3,W,Coliseum Alfonso Pérez,15000,Miguel Ángel Ayza Gámez
11,2010-11-13,22:00,Barcelona,Villarreal,H,1,3,W,Camp Nou,80766,Carlos Delgado Ferreiro
12,2010-11-20,20:00,Almería,Almería,A,0,8,W,Estadio de los Juegos Mediterráneos,13097,César Muñiz Fernández
13,2010-11-29,21:00,Barcelona,Real Madrid,H,0,5,W,Camp Nou,98255,Eduardo Iturralde González
14,2010-12-04,20:00,Pamplona,Osasuna,A,0,3,W,Estadio El Sadar,18043,Fernando Teixeira Vitienes
15,2010-12-12,21:00,Barcelona,Real Sociedad,H,0,5,W,Camp Nou,74931,David Fernández Borbalán
16,2010-12-18,20:00,Cornellà de Llobregat,Espanyol,A,1,5,W,Estadi Cornellà-El Prat,40010,Alberto Undiano Mallenco
17,2011-01-02,18:00,Barcelona,Levante,H,1,2,W,Camp Nou,71681,Miguel Ángel Pérez Lasa
18,2011-01-08,22:00,A Coruña,Deportivo La Coruña,A,0,4,W,Estadio Riazor,34500,Carlos Delgado Ferreiro
19,2011-01-16,21:00,Barcelona,Málaga,H,1,4,W,Camp Nou,71576,José Luis González González
20,2011-01-22,20:00,Barcelona,Racing Santander,H,0,3,W,Camp Nou,70072,Ignacio Iglesias Villanueva
21,2011-01-29,20:00,Alicante,Hércules,A,0,3,W,Estadio José Rico Pérez,29500,David Fernández Borbalán
22,2011-02-05,22:00,Barcelona,Atlético Madrid,H,0,3,W,Camp Nou,84766,Javier Turienzo Álvarez
23,2011-02-12,20:00,Gijón,Sporting Gijón,A,1,1,D,El Molinón,23481,Miguel Ángel Pérez Lasa
24,2011-02-20,21:00,Barcelona,Athletic Bilbao,H,1,2,W,Camp Nou,83533,Rafael Ramírez Domínguez
25,2011-02-26,20:00,Palma,Mallorca,A,0,3,W,Iberostar Estadio,23142,Carlos Velasco Carballo
26,2011-03-02,22:00,Valencia,Valencia,A,0,1,W,Estadio Mestalla,55000,Eduardo Iturralde González
27,2011-03-05,20:00,Barcelona,Zaragoza,H,0,1,W,Camp Nou,68000,Fernando Teixeira Vitienes
28,2011-03-13,20:00,Seville,Sevilla,A,1,1,D,Estadio Ramón Sánchez Pizjuán,44000,Miguel Ángel Pérez Lasa
29,2011-03-19,20:00,Barcelona,Getafe,H,1,2,W,Camp Nou,81913,César Muñiz Fernández
30,2011-04-02,20:00,Villarreal,Villarreal,A,0,1,W,Estadio El Madrigal,23000,Rafael Ramírez Domínguez
31,2011-04-09,20:00,Barcelona,Almería,H,1,3,W,Camp Nou,80452,Miguel Ángel Ayza Gámez
32,2011-04-16,22:00,Madrid,Real Madrid,A,1,1,D,Estadio Santiago Bernabéu,80354,César Muñiz Fernández
33,2011-04-23,20:00,Barcelona,Osasuna,H,0,2,W,Camp Nou,73285,Carlos Delgado Ferreiro
34,2011-04-30,20:00,San Sebastián,Real Sociedad,A,2,1,L,Estadio Anoeta,34850,Fernando Teixeira Vitienes
35,2011-05-08,19:00,Barcelona,Espanyol,H,0,2,W,Camp Nou,89994,David Fernández Borbalán
36,2011-05-11,20:00,Valencia,Levante,A,1,1,D,Estadi Ciutat de València,20473,José Luis Paradas Romero
37,2011-05-15,21:00,Barcelona,Deportivo La Coruña,H,0,0,D,Camp Nou,70044,Carlos Delgado Ferreiro
38,2011-05-21,18:00,Málaga,Málaga,A,1,3,W,Estadio La Rosaleda,28000,Carlos Clos Gómez
First leg,2010-10-26,22:00 CEST,Ceuta,Ceuta,A,0,2,W,Estadio Alfonso Murube,6200,Rafael Ramírez Domínguez
Second leg,2010-11-10,22:00 CET,Barcelona,Ceuta,H,1,5,W,Camp Nou,38971,Ignacio Iglesias Villanueva
First leg,2010-12-21,20:00 CET,Barcelona,Athletic Bilbao,H,0,0,D,Camp Nou,45207,Antonio Miguel Mateu Lahoz
Second leg,2011-01-05,22:00 CET,Bilbao,Athletic Bilbao,A,1,1,D,Estadio San Mamés,39750,César Muñiz Fernández
First leg,2011-01-12,22:00 CET,Barcelona,Real Betis,H,0,5,W,Camp Nou,59498,Carlos Velasco Carballo
Second leg,2011-01-19,22:00 CET,Seville,Real Betis,A,3,1,L,Estadio Benito Villamarín,35000,Carlos Clos Gómez
First leg,2011-01-26,22:00 CET,Barcelona,Almería,H,0,5,W,Camp Nou,49875,Antonio Mateu Lahoz
Second leg,2011-02-02,20:00 CET,Almería,Almería,A,0,3,W,Estadio de los Juegos Mediterráneos,16000,Miguel Ángel Ayza Gámez
Final,2011-04-20,21:30 CEST,Valencia,Real Madrid,A,1,0,L,Estadio Mestalla,55000,Alberto Undiano Mallenco
1,2010-09-16,20:45 CEST,"Barcelona, Spain",Panathinaikos,H,1,5,W,Camp Nou,69738,Nicola Rizzoli
2,2010-09-29,18:30 CEST,"Kazan, Russia",Rubin Kazan,A,1,1,D,Central Stadium,23950,Cüneyt Çakır
3,2010-10-20,20:45 CEST,"Barcelona, Spain",Copenhagen,H,0,2,W,Camp Nou,75852,Stéphane Lannoy
4,2010-11-02,20:45 CET,"Copenhagen, Denmark",Copenhagen,A,1,1,D,Parken Stadium,38065,Pavel Cristian Balaj
5,2010-11-24,20:45 CET,"Athens, Greece",Panathinaikos,A,0,3,W,Olympic Stadium,58466,Gianluca Rocchi
6,2010-12-07,20:45 CET,"Barcelona, Spain",Rubin Kazan,H,0,2,W,Camp Nou,50436,Jonas Eriksson
First leg,2011-02-16,20:45 CET,"London, England",Arsenal,A,2,1,L,Emirates Stadium,59927,Nicola Rizzoli
Second leg,2011-03-08,20:45 CET,"Barcelona, Spain",Arsenal,H,1,3,W,Camp Nou,95486,Massimo Busacca
First leg,2011-04-06,20:45 CEST,"Barcelona, Spain",Shakhtar Donetsk,H,1,5,W,Camp Nou,86518,Craig Thomson
Second leg,2011-04-12,20:45 CEST,"Donetsk, Ukraine",Shakhtar Donetsk,A,0,1,W,Donbass Arena,51579,Florian Meyer
First leg,2011-04-27,20:45 CEST,"Madrid, Spain",Real Madrid,A,0,2,W,Santiago Bernabéu,71567,Wolfgang Stark
Second leg,2011-05-03,20:45 CEST,"Barcelona, Spain",Real Madrid,H,1,1,D,Camp Nou,95701,Frank De Bleeckere
Final,2011-05-28,20:45 CEST,"London, England",Manchester United,A,1,3,W,Wembley Stadium,87695,Viktor Kassai
Final Group Stage,2010-12-01,21:45 CET,Sabadell,Espanyol,A,2,1,L,Nova Creu Alta,2000,Gustavo Rebollo López
Final Group Stage,2010-12-01,22:45,Sabadell,L'Hospitalet,A,0,2,W,Nova Creu Alta,2000,Gustavo Rebollo López
Summer Tour,2011-07-23,20:30 CEST,"Split, Croatia",Hajduk Split,A,0,0,D,Poljud Stadium,35000,Goran Gabrilo
Audi Cup Semi-final,2011-07-26,18:15 CEST,"Munich, Germany",Internacional,A,2,2,D,Allianz Arena,69000,Felix Brych
Audi Cup Final,2011-07-27,20:45 CEST,"Munich, Germany",Bayern Munich,A,0,2,W,Allianz Arena,69000,Wolfgang Stark
World Football Challenge,2011-07-30,19:00 EDT,"Landover, Maryland, United States",Manchester United,A,2,1,L,FedEx Field,81107,Ricardo Salazar
World Football Challenge,2011-08-03,20:00 EDT,"Miami Gardens, Florida, United States",Guadalajara,A,4,1,L,Sun Life Stadium,70080,Baldomero Toledo
World Football Challenge,2011-08-06,15:00 CDT,"Arlington, Texas, United States",América,A,0,2,W,Cowboys Stadium,60807,Ricardo Salazar
Joan Gamper Trophy,2011-08-22,19:00 CEST,"Barcelona, Spain",Napoli,H,0,5,W,Camp Nou,78002,Álvarez Izquierdo
First leg,2011-08-14,22:00 CEST,Madrid,Real Madrid,A,2,2,D,Santiago Bernabéu,81177,Teixeira Vitienes
Second leg,2011-08-17,23:00 CEST,Barcelona,Real Madrid,H,2,3,W,Camp Nou,92965,Fernández Borbalán
Final,2011-08-26,20:45 CEST,Monaco,Porto,A,0,2,W,Stade Louis II,18048,Björn Kuipers
Semi-finals,2011-12-14,11:30 CET,"Yokohama, Japan",Al-Sadd,A,0,4,W,International Stadium Yokohama,66298,Joel Aguilar
Final,2011-12-18,11:30 CET,"Yokohama, Japan",Santos,A,0,4,W,International Stadium Yokohama,68166,Ravshan Irmatov
2,2011-08-29,21:00,Barcelona,Villarreal,H,0,5,W,Camp Nou,75097,Turienzo Álvarez
3,2011-09-10,18:00,San Sebastián,Real Sociedad,A,2,2,D,Anoeta,31000,Mateu Lahoz
4,2011-09-17,20:00,Barcelona,Osasuna,H,0,8,W,Camp Nou,70549,Muñiz Fernández
5,2011-09-21,22:00,Valencia,Valencia,A,2,2,D,Mestalla,52250,Velasco Carballo
6,2011-09-24,22:00,Barcelona,Atlético Madrid,H,0,5,W,Camp Nou,83154,Delgado Ferreiro
7,2011-02-10,20:00,Gijón,Sporting Gijón,A,0,1,W,El Molinón,28500,Clos Gómez
8,2011-10-15,20:00,Barcelona,Racing Santander,H,0,3,W,Camp Nou,82225,Ayza Gámez
9,2011-10-22,22:00,Barcelona,Sevilla,H,0,0,D,Camp Nou,82743,Iturralde González
10,2011-10-25,20:00,Granada,Granada,A,0,1,W,Los Cármenes,22000,Muñiz Fernández
11,2011-10-29,20:00,Barcelona,Mallorca,H,0,5,W,Camp Nou,80635,Pérez Montero
12,2011-11-06,20:00,Bilbao,Athletic Bilbao,A,2,2,D,San Mamés,38000,Paradas Romero
13,2011-11-19,20:00,Barcelona,Zaragoza,H,0,4,W,Camp Nou,66692,Undiano Mallenco
14,2011-11-26,22:00,Getafe,Getafe,A,1,0,L,Alfonso Pérez,13600,F. Teixeira Vitienes
17,2011-11-29,21:00,Barcelona,Rayo Vallecano,H,0,4,W,Camp Nou,53775,Pérez Lasa
15,2011-12-03,20:00,Barcelona,Levante,H,0,5,W,Camp Nou,79361,J. A. Teixeira Vitienes
16,2011-12-10,22:00,Madrid,Real Madrid,A,1,3,W,Santiago Bernabéu,85400,Fernández Borbalán
18,2012-01-08,21:30,Cornellà de Llobregat,Espanyol,A,1,1,D,Cornellà-El Prat,35122,Turienzo Álvarez
19,2012-01-15,21:30,Barcelona,Real Betis,H,2,4,W,Camp Nou,69889,Iglesias Villanueva
1,2012-01-22,18:00,Málaga,Málaga,A,1,4,W,La Rosaleda,30000,Undiano Mallenco
21,2012-01-28,22:00,Villarreal,Villarreal,A,0,0,D,El Madrigal,17000,J. A. Teixeira Vitienes
22,2012-02-04,22:00,Barcelona,Real Sociedad,H,1,2,W,Camp Nou,52646,Clos Gómez
23,2012-02-11,20:00,Pamplona,Osasuna,A,3,2,L,El Sadar,17283,Paradas Romero
24,2012-02-19,21:30,Barcelona,Valencia,H,1,5,W,Camp Nou,74240,Turienzo Álvarez
25,2012-02-26,21:30,Madrid,Atlético Madrid,A,1,2,W,Vicente Calderón,53000,Pérez Lasa
26,2012-03-03,20:00,Barcelona,Sporting Gijón,H,1,3,W,Camp Nou,72442,Velasco Carballo
27,2012-03-11,18:00,Santander,Racing Santander,A,0,2,W,El Sardinero,18885,Del Cerro Grande
28,2012-03-17,20:00,Seville,Sevilla,A,0,2,W,Ramón Sánchez Pizjuán,44500,González González
29,2012-03-20,21:00,Barcelona,Granada,H,3,5,W,Camp Nou,62401,J. A. Teixeira Vitienes
30,2012-03-24,18:00,Palma,Mallorca,A,0,2,W,Iberostar,22284,Ayza Gámez
31,2012-03-31,22:00,Barcelona,Athletic Bilbao,H,0,2,W,Camp Nou,88207,Antonio Mateu Lahoz
32,2012-04-07,20:00,Zaragoza,Zaragoza,A,1,4,W,La Romareda,34000,Turienzo Álvarez
33,2012-04-10,21:00,Barcelona,Getafe,H,0,4,W,Camp Nou,76041,González González
34,2012-04-14,22:00,Valencia,Levante,A,1,2,W,Ciutat de València,23000,J. A. Teixeira Vitienes
35,2012-04-21,20:00,Barcelona,Real Madrid,H,2,1,L,Camp Nou,99252,Undiano Mallenco
36,2012-04-29,21:30,Vallecas,Rayo Vallecano,A,0,7,W,Campo Vallecas,12300,Delgado Ferreiro
20,2012-05-02,20:00,Barcelona,Málaga,H,1,4,W,Camp Nou,67854,Turienzo Álvarez
37,2012-05-05,21:00,Barcelona,Espanyol,H,0,4,W,Camp Nou,89044,F. Teixeira Vitienes
38,2012-05-12,22:00,Seville,Real Betis,A,2,2,D,Benito Villamarín,55000,Ayza Gámez
First leg,2011-11-09,22:00,L'Hospitalet de Llobregat,L'Hospitalet,A,0,1,W,La Feixa Llarga,2500,del Cerro Grande
Second leg,2011-12-22,22:00,Barcelona,L'Hospitalet,H,0,9,W,Camp Nou,56480,González González
First leg,2012-01-04,22:00,Barcelona,Osasuna,H,0,4,W,Camp Nou,64124,Fernández Borbalán
Second leg,2012-01-12,22:00,Pamplona,Osasuna,A,1,2,W,El Sadar,12498,Velasco Carballo
First leg,2012-01-18,22:00,Madrid,Real Madrid,A,1,2,W,Santiago Bernabéu,83500,Muñiz Fernández
Second leg,2012-01-25,22:00,Barcelona,Real Madrid,H,2,2,D,Camp Nou,95486,F. Teixeira Vitienes
First leg,2012-02-01,21:00,Valencia,Valencia,A,1,1,D,Mestalla,51800,González González
Second leg,2012-02-08,21:00,Barcelona,Valencia,H,0,2,W,Camp Nou,69476,Fernández Borbalán
Final,2012-05-25,22:00,Madrid,Athletic Bilbao,A,0,3,W,Vicente Calderón,54960,Fernández Borbalán
1,2011-09-13,20:45 CEST,"Barcelona, Spain",Milan,H,2,2,D,Camp Nou,89861,Martin Atkinson
2,2011-09-28,20:45 CEST,"Minsk, Belarus",BATE Borisov,A,0,5,W,Dynama Stadium,29555,Manuel Gräfe
3,2011-10-19,20:45 CEST,"Barcelona, Spain",Viktoria Plzeň,H,0,2,W,Camp Nou,74376,Aleksandar Stavrev
4,2011-11-01,20:45 CET,"Prague, Czech Republic",Viktoria Plzeň,A,0,4,W,Synot Tip Arena,20145,Robert Schörgenhofer
5,2011-11-23,20:45 CET,"Milan, Italy",Milan,A,2,3,W,San Siro,78927,Wolfgang Stark
6,2011-12-06,20:45 CET,"Barcelona, Spain",BATE Borisov,H,0,4,W,Camp Nou,37374,William Collum
First leg,2012-02-14,20:45 CET,"Leverkusen, Germany",Bayer Leverkusen,A,1,3,W,BayArena,29400,Craig Thomson
Second leg,2012-03-07,20:45 CET,"Barcelona, Spain",Bayer Leverkusen,H,1,7,W,Camp Nou,75632,Svein Oddvar Moen
First leg,2012-03-28,20:45 CET,"Milan, Italy",Milan,A,0,0,D,San Siro,76169,Jonas Eriksson
Second leg,2012-04-03,20:45 CET,"Barcelona, Spain",Milan,H,1,3,W,Camp Nou,94629,Björn Kuipers
First leg,2012-04-18,20:45 CET,"London, England",Chelsea,A,1,0,L,Stamford Bridge,38039,Felix Brych
Second leg,2012-04-24,20:45 CET,"Barcelona, Spain",Chelsea,H,2,2,D,Camp Nou,95845,Cüneyt Çakır